{
	"partitions" : [
		{
			"name" : "Top",
			"pins" : [
				{
					"name" : "sout",
					"strict" : false
				},
				{
					"name" : "out_clock",
					"strict" : false
				},
				{
					"name" : "dados[0]",
					"strict" : false
				},
				{
					"name" : "reset",
					"strict" : false
				},
				{
					"name" : "dados[5]",
					"strict" : false
				},
				{
					"name" : "dados[6]",
					"strict" : false
				},
				{
					"name" : "dados[7]",
					"strict" : false
				},
				{
					"name" : "dados[1]",
					"strict" : false
				},
				{
					"name" : "dados[2]",
					"strict" : false
				},
				{
					"name" : "dados[3]",
					"strict" : false
				},
				{
					"name" : "dados[4]",
					"strict" : false
				},
				{
					"name" : "start",
					"strict" : false
				}
			]
		}
	]
}