{
	"partitions" : [
		{
			"name" : "Top",
			"pins" : [
				{
					"name" : "lifes_out[0]",
					"strict" : false
				},
				{
					"name" : "lifes_out[1]",
					"strict" : false
				},
				{
					"name" : "lifes_out[2]",
					"strict" : false
				},
				{
					"name" : "lifes_out[3]",
					"strict" : false
				},
				{
					"name" : "lifes_out[4]",
					"strict" : false
				},
				{
					"name" : "lifes_out[5]",
					"strict" : false
				},
				{
					"name" : "serial_out",
					"strict" : false
				},
				{
					"name" : "state_seg[0]",
					"strict" : false
				},
				{
					"name" : "state_seg[1]",
					"strict" : false
				},
				{
					"name" : "state_seg[2]",
					"strict" : false
				},
				{
					"name" : "state_seg[3]",
					"strict" : false
				},
				{
					"name" : "state_seg[4]",
					"strict" : false
				},
				{
					"name" : "state_seg[5]",
					"strict" : false
				},
				{
					"name" : "state_seg[6]",
					"strict" : false
				},
				{
					"name" : "display0[0]",
					"strict" : false
				},
				{
					"name" : "display0[1]",
					"strict" : false
				},
				{
					"name" : "display0[2]",
					"strict" : false
				},
				{
					"name" : "display0[3]",
					"strict" : false
				},
				{
					"name" : "display0[4]",
					"strict" : false
				},
				{
					"name" : "display0[5]",
					"strict" : false
				},
				{
					"name" : "display0[6]",
					"strict" : false
				},
				{
					"name" : "display1[0]",
					"strict" : false
				},
				{
					"name" : "display1[1]",
					"strict" : false
				},
				{
					"name" : "display1[2]",
					"strict" : false
				},
				{
					"name" : "display1[3]",
					"strict" : false
				},
				{
					"name" : "display1[4]",
					"strict" : false
				},
				{
					"name" : "display1[5]",
					"strict" : false
				},
				{
					"name" : "display1[6]",
					"strict" : false
				},
				{
					"name" : "display2[0]",
					"strict" : false
				},
				{
					"name" : "display2[1]",
					"strict" : false
				},
				{
					"name" : "display2[2]",
					"strict" : false
				},
				{
					"name" : "display2[3]",
					"strict" : false
				},
				{
					"name" : "display2[4]",
					"strict" : false
				},
				{
					"name" : "display2[5]",
					"strict" : false
				},
				{
					"name" : "display2[6]",
					"strict" : false
				},
				{
					"name" : "display3[0]",
					"strict" : false
				},
				{
					"name" : "display3[1]",
					"strict" : false
				},
				{
					"name" : "display3[2]",
					"strict" : false
				},
				{
					"name" : "display3[3]",
					"strict" : false
				},
				{
					"name" : "display3[4]",
					"strict" : false
				},
				{
					"name" : "display3[5]",
					"strict" : false
				},
				{
					"name" : "display3[6]",
					"strict" : false
				},
				{
					"name" : "display4[0]",
					"strict" : false
				},
				{
					"name" : "display4[1]",
					"strict" : false
				},
				{
					"name" : "display4[2]",
					"strict" : false
				},
				{
					"name" : "display4[3]",
					"strict" : false
				},
				{
					"name" : "display4[4]",
					"strict" : false
				},
				{
					"name" : "display4[5]",
					"strict" : false
				},
				{
					"name" : "display4[6]",
					"strict" : false
				},
				{
					"name" : "display5[0]",
					"strict" : false
				},
				{
					"name" : "display5[1]",
					"strict" : false
				},
				{
					"name" : "display5[2]",
					"strict" : false
				},
				{
					"name" : "display5[3]",
					"strict" : false
				},
				{
					"name" : "display5[4]",
					"strict" : false
				},
				{
					"name" : "display5[5]",
					"strict" : false
				},
				{
					"name" : "display5[6]",
					"strict" : false
				},
				{
					"name" : "reset",
					"strict" : false
				},
				{
					"name" : "difficulty_keys[0]",
					"strict" : false
				},
				{
					"name" : "difficulty_keys[1]",
					"strict" : false
				},
				{
					"name" : "clock_pre_pll",
					"strict" : false
				},
				{
					"name" : "guess_on_key",
					"strict" : false
				},
				{
					"name" : "select_bt",
					"strict" : false
				},
				{
					"name" : "start_bt",
					"strict" : false
				},
				{
					"name" : "left_bt",
					"strict" : false
				},
				{
					"name" : "right_bt",
					"strict" : false
				}
			]
		}
	]
}